Ticket ID,Actual Satisfaction,Predicted Satisfaction,Cluster
4831,3.0,3.0,0
7076,4.0,3.0,1
4716,3.0,3.0,0
2023,4.0,2.0,0
677,3.0,3.0,0
2284,3.0,3.0,0
5077,4.0,1.0,0
2477,2.0,3.0,1
6848,4.0,3.0,0
512,2.0,1.0,0
5194,3.0,3.0,0
8011,3.0,5.0,0
5693,3.0,3.0,0
790,3.0,3.0,0
7496,4.0,1.0,0
1489,3.0,3.0,0
2944,3.0,3.0,0
6985,1.0,4.0,0
2128,2.0,3.0,1
1056,3.0,3.0,0
2572,3.0,3.0,0
6780,4.0,2.0,0
3957,3.0,3.0,0
2988,4.0,2.0,1
3101,3.0,3.0,0
3093,3.0,3.0,0
2523,4.0,2.0,0
234,3.0,3.0,0
869,3.0,3.0,0
2535,3.0,3.0,0
7227,3.0,3.0,0
5772,3.0,3.0,0
4923,3.0,3.0,0
6663,3.0,3.0,0
4929,3.0,3.0,0
6347,3.0,3.0,0
2139,3.0,1.0,2
34,5.0,2.0,0
4162,3.0,3.0,0
5509,3.0,3.0,0
4462,3.0,3.0,0
4904,3.0,3.0,0
361,5.0,3.0,0
2580,3.0,3.0,2
7308,3.0,3.0,0
2813,3.0,3.0,0
8133,3.0,3.0,0
2517,1.0,4.0,0
8144,3.0,3.0,0
6947,3.0,3.0,0
2949,3.0,3.0,0
5515,2.0,1.0,1
6994,3.0,3.0,0
1091,3.0,3.0,0
240,3.0,3.0,0
3146,3.0,3.0,0
7462,3.0,3.0,0
1618,1.0,3.0,0
6634,4.0,2.0,0
6356,3.0,3.0,0
4150,3.0,3.0,0
2772,3.0,3.0,0
711,3.0,3.0,0
4368,4.0,2.0,0
7717,3.0,3.0,0
8212,3.0,3.0,0
3429,3.0,3.0,0
3039,3.0,3.0,0
5843,3.0,3.0,0
8304,3.0,1.0,1
5142,3.0,3.0,0
1194,4.0,3.0,1
1560,3.0,3.0,0
7186,3.0,3.0,0
3004,3.0,3.0,0
626,3.0,3.0,0
3382,1.0,3.0,2
5889,3.0,3.0,0
7385,3.0,3.0,0
7987,3.0,3.0,2
3246,2.0,4.0,2
454,1.0,2.0,0
6379,3.0,3.0,0
3685,3.0,3.0,0
4762,3.0,3.0,0
909,3.0,3.0,0
458,3.0,3.0,0
2150,3.0,3.0,0
3756,3.0,3.0,0
3951,4.0,3.0,0
6250,3.0,3.0,0
2345,3.0,1.0,1
3796,1.0,3.0,0
1769,3.0,3.0,0
213,3.0,3.0,0
430,1.0,1.0,0
1314,3.0,3.0,0
5295,3.0,3.0,0
6366,2.0,2.0,2
5372,3.0,3.0,0
1747,3.0,3.0,0
4817,2.0,4.0,2
966,3.0,3.0,0
5481,3.0,3.0,0
4504,4.0,2.0,0
5842,3.0,3.0,0
1406,4.0,5.0,2
4648,3.0,3.0,0
8148,4.0,3.0,2
6658,3.0,3.0,0
6006,3.0,3.0,0
7258,3.0,3.0,0
2143,5.0,5.0,0
18,3.0,3.0,0
1439,3.0,3.0,0
3521,3.0,3.0,0
4517,1.0,1.0,0
6845,3.0,3.0,0
9,3.0,3.0,0
4270,3.0,3.0,0
541,3.0,3.0,0
3528,2.0,5.0,0
2665,3.0,3.0,0
6859,3.0,3.0,0
2942,3.0,3.0,0
1551,3.0,3.0,0
5031,3.0,3.0,0
2178,2.0,5.0,2
8037,3.0,3.0,0
6054,3.0,3.0,0
2516,3.0,3.0,0
6743,3.0,3.0,0
6286,3.0,3.0,0
7129,3.0,3.0,0
3583,4.0,1.0,0
6136,3.0,3.0,1
6811,3.0,3.0,0
880,3.0,3.0,0
3264,2.0,3.0,2
4536,3.0,3.0,0
2717,3.0,3.0,0
5396,3.0,5.0,0
5413,3.0,3.0,0
7265,3.0,3.0,0
4950,3.0,3.0,0
1116,3.0,3.0,0
1795,3.0,3.0,0
1492,5.0,5.0,2
6794,2.0,5.0,1
4429,3.0,3.0,0
1895,3.0,3.0,0
6861,3.0,3.0,0
7943,3.0,3.0,0
8047,3.0,3.0,0
7697,5.0,1.0,0
2084,3.0,3.0,0
5157,3.0,3.0,0
4565,5.0,3.0,2
624,3.0,3.0,0
319,3.0,3.0,0
6121,3.0,3.0,0
2880,3.0,3.0,0
1202,3.0,3.0,0
6583,3.0,3.0,0
2500,3.0,3.0,0
5170,4.0,2.0,1
100,3.0,3.0,0
2808,5.0,3.0,0
6041,3.0,3.0,0
3413,3.0,3.0,1
4231,3.0,3.0,0
2861,3.0,3.0,0
6647,3.0,3.0,0
4372,3.0,3.0,0
4406,3.0,3.0,0
3933,3.0,3.0,0
1514,3.0,1.0,2
8268,3.0,3.0,0
3134,3.0,3.0,0
2454,2.0,3.0,1
3621,3.0,3.0,0
7756,3.0,3.0,0
1054,3.0,3.0,0
8351,5.0,3.0,0
7233,3.0,3.0,0
1453,4.0,1.0,1
2946,3.0,3.0,0
4481,5.0,3.0,1
1374,3.0,3.0,1
5460,3.0,3.0,0
1692,3.0,5.0,1
4561,3.0,3.0,0
6608,3.0,3.0,0
6300,1.0,5.0,0
749,2.0,1.0,0
1384,2.0,2.0,0
8229,2.0,2.0,2
6074,3.0,3.0,0
3780,3.0,3.0,0
1859,3.0,3.0,0
7467,3.0,3.0,0
7434,1.0,2.0,1
1006,3.0,3.0,0
7482,3.0,3.0,0
6113,3.0,3.0,0
5510,3.0,3.0,0
1740,3.0,3.0,0
5868,1.0,4.0,0
4016,3.0,3.0,0
6355,2.0,5.0,2
8280,3.0,3.0,0
4095,3.0,3.0,0
6604,3.0,3.0,0
7800,3.0,3.0,0
2836,3.0,3.0,0
7643,3.0,3.0,0
6619,3.0,3.0,0
5975,3.0,3.0,0
3839,3.0,3.0,0
354,4.0,5.0,0
2228,3.0,3.0,0
759,3.0,3.0,0
488,3.0,3.0,0
2421,1.0,4.0,0
5034,3.0,3.0,0
829,3.0,3.0,0
5308,3.0,3.0,0
6046,2.0,2.0,0
2759,3.0,3.0,0
6085,4.0,3.0,0
4483,3.0,3.0,0
3980,3.0,1.0,1
4745,3.0,3.0,0
4336,2.0,1.0,0
2089,3.0,3.0,0
7507,2.0,3.0,0
1104,3.0,3.0,0
5063,3.0,3.0,0
3539,3.0,2.0,2
1651,3.0,3.0,0
8237,3.0,3.0,0
3270,3.0,3.0,0
7109,4.0,3.0,0
8256,3.0,3.0,0
7799,4.0,3.0,0
6047,3.0,3.0,0
2192,3.0,3.0,0
731,3.0,3.0,0
1484,2.0,4.0,0
2628,3.0,3.0,0
5334,3.0,3.0,0
222,3.0,3.0,0
7311,3.0,3.0,0
1148,3.0,3.0,0
6196,1.0,3.0,1
3150,3.0,3.0,0
6541,3.0,3.0,0
4741,3.0,3.0,0
5957,3.0,3.0,0
1140,3.0,3.0,0
24,3.0,3.0,0
1283,1.0,3.0,1
3045,4.0,3.0,2
1633,3.0,3.0,0
587,3.0,3.0,0
316,3.0,3.0,0
1920,2.0,2.0,0
1644,3.0,3.0,0
8350,3.0,3.0,0
5499,3.0,3.0,0
2830,3.0,3.0,0
7736,3.0,3.0,0
3054,3.0,3.0,0
6887,1.0,3.0,0
6983,3.0,3.0,2
3807,3.0,3.0,0
7654,3.0,3.0,0
6549,3.0,3.0,0
1955,5.0,4.0,0
4898,3.0,3.0,1
4802,3.0,3.0,0
5928,3.0,3.0,0
8218,3.0,3.0,0
6630,5.0,1.0,1
1394,3.0,3.0,0
8464,3.0,3.0,0
7677,4.0,3.0,1
7392,3.0,3.0,0
4296,3.0,3.0,0
4938,3.0,3.0,0
7954,4.0,1.0,2
2413,5.0,2.0,2
4830,3.0,3.0,0
2689,3.0,3.0,0
4547,3.0,3.0,0
3091,3.0,5.0,2
4848,3.0,3.0,0
941,3.0,3.0,0
3871,5.0,2.0,2
1200,3.0,3.0,0
3956,3.0,3.0,0
2035,3.0,3.0,0
292,3.0,3.0,0
2868,3.0,3.0,0
3967,2.0,3.0,0
2158,3.0,3.0,0
94,3.0,3.0,0
4086,3.0,3.0,0
1438,3.0,3.0,0
4699,3.0,3.0,0
1993,3.0,3.0,0
4908,3.0,3.0,0
6215,3.0,3.0,0
6528,4.0,3.0,1
1929,3.0,3.0,0
6394,3.0,3.0,0
1544,3.0,3.0,0
6664,3.0,3.0,0
1427,3.0,2.0,1
4587,3.0,3.0,0
6383,3.0,3.0,0
6754,1.0,1.0,0
795,3.0,3.0,0
264,3.0,3.0,0
5816,2.0,2.0,1
4953,3.0,3.0,0
6387,3.0,3.0,0
186,3.0,3.0,0
6937,4.0,2.0,2
462,3.0,2.0,0
8063,3.0,3.0,0
7325,4.0,3.0,1
6319,3.0,3.0,0
2889,3.0,3.0,0
5217,3.0,3.0,0
6637,3.0,3.0,0
3806,1.0,3.0,0
7672,3.0,3.0,0
7310,4.0,5.0,0
3056,3.0,3.0,0
2514,3.0,3.0,0
2677,3.0,3.0,0
8380,3.0,3.0,0
5629,3.0,3.0,0
5655,3.0,3.0,0
7347,3.0,3.0,0
1169,4.0,1.0,0
3946,3.0,2.0,0
3922,3.0,3.0,0
4068,3.0,3.0,0
3782,3.0,5.0,1
7197,1.0,1.0,2
2856,3.0,3.0,0
218,3.0,3.0,0
7056,5.0,1.0,0
998,4.0,1.0,0
6689,5.0,2.0,0
2730,3.0,1.0,1
734,4.0,3.0,1
3978,3.0,3.0,0
6344,3.0,3.0,0
5961,5.0,5.0,0
8177,3.0,3.0,0
7983,2.0,5.0,2
5002,3.0,3.0,0
1023,3.0,3.0,0
6805,3.0,3.0,0
5634,3.0,3.0,0
6632,3.0,3.0,0
5332,3.0,3.0,0
928,3.0,3.0,0
3816,1.0,3.0,1
7614,3.0,3.0,0
3002,4.0,1.0,0
1079,3.0,3.0,0
648,3.0,3.0,0
6913,3.0,3.0,0
2550,3.0,3.0,0
1721,3.0,3.0,0
3061,3.0,3.0,0
3012,4.0,3.0,0
2375,3.0,3.0,0
3536,3.0,3.0,0
2447,3.0,3.0,0
3291,3.0,3.0,0
3932,5.0,1.0,1
3065,3.0,3.0,0
102,3.0,3.0,0
223,3.0,3.0,0
6889,3.0,3.0,0
1748,1.0,2.0,0
2918,1.0,3.0,2
4681,3.0,3.0,0
6851,3.0,3.0,0
1010,2.0,1.0,1
5984,5.0,1.0,2
5494,3.0,3.0,0
6341,3.0,3.0,0
1704,4.0,5.0,0
1278,1.0,3.0,1
7285,5.0,3.0,1
4479,3.0,3.0,0
2652,3.0,5.0,0
2485,3.0,3.0,0
933,3.0,3.0,0
4984,3.0,3.0,0
5769,3.0,3.0,0
7754,3.0,3.0,0
767,3.0,3.0,0
2685,3.0,3.0,0
5470,3.0,3.0,0
1296,5.0,3.0,0
6598,2.0,3.0,0
7664,3.0,3.0,0
4646,3.0,3.0,0
713,1.0,5.0,1
6295,3.0,3.0,0
8087,3.0,3.0,0
3549,4.0,1.0,0
3465,3.0,3.0,0
6654,5.0,3.0,1
4160,3.0,3.0,0
7289,3.0,3.0,0
6469,3.0,3.0,0
7866,3.0,3.0,0
6721,3.0,3.0,0
5465,3.0,3.0,0
3460,4.0,3.0,1
7077,3.0,3.0,0
1262,3.0,3.0,0
6034,3.0,3.0,0
3318,2.0,3.0,0
2992,3.0,3.0,0
6313,3.0,3.0,0
2684,4.0,2.0,2
4054,3.0,3.0,0
701,3.0,3.0,0
4530,3.0,3.0,0
4585,4.0,3.0,0
350,3.0,2.0,2
7132,3.0,3.0,1
2273,3.0,3.0,0
5287,3.0,3.0,0
4120,5.0,3.0,1
4369,3.0,3.0,0
1085,3.0,3.0,0
1035,4.0,2.0,0
8143,3.0,3.0,0
5500,3.0,3.0,0
2264,3.0,3.0,0
1062,3.0,3.0,0
4123,2.0,1.0,0
6172,3.0,3.0,0
5364,2.0,5.0,0
3300,3.0,3.0,0
4149,2.0,2.0,0
320,3.0,3.0,0
4724,3.0,3.0,0
4818,5.0,2.0,0
4216,3.0,3.0,0
7869,3.0,3.0,0
4454,1.0,1.0,1
1321,3.0,3.0,0
4829,3.0,3.0,0
867,3.0,3.0,0
4783,3.0,3.0,0
4919,3.0,3.0,0
1088,3.0,3.0,0
4728,3.0,3.0,0
5423,3.0,3.0,0
4598,3.0,3.0,0
4332,3.0,3.0,0
3772,3.0,3.0,0
2761,3.0,3.0,0
4685,3.0,3.0,0
3106,4.0,3.0,1
4776,3.0,3.0,0
6264,3.0,3.0,0
4717,3.0,3.0,0
8416,3.0,3.0,0
2848,2.0,1.0,1
6143,3.0,4.0,1
4507,2.0,3.0,0
6801,3.0,3.0,0
2827,3.0,3.0,0
7357,5.0,4.0,2
4388,3.0,3.0,0
3606,3.0,3.0,0
2906,3.0,3.0,0
4863,3.0,3.0,0
7428,3.0,3.0,0
1733,2.0,3.0,1
5881,3.0,3.0,0
1077,3.0,3.0,0
6247,2.0,1.0,2
2174,5.0,3.0,0
7316,3.0,3.0,0
5925,3.0,3.0,0
20,5.0,1.0,2
7143,3.0,1.0,1
4620,5.0,2.0,0
7516,3.0,3.0,0
7341,1.0,3.0,2
1722,1.0,3.0,1
5595,3.0,3.0,0
5596,3.0,3.0,0
6303,3.0,3.0,0
4130,3.0,3.0,0
7452,3.0,3.0,0
1528,5.0,4.0,1
4693,3.0,5.0,1
3378,3.0,3.0,0
1700,2.0,2.0,0
8459,3.0,3.0,0
6707,3.0,3.0,0
1418,5.0,1.0,0
4627,3.0,3.0,0
3458,3.0,3.0,0
8420,3.0,3.0,0
764,5.0,3.0,1
6916,3.0,3.0,0
8093,3.0,3.0,0
268,3.0,3.0,0
6018,2.0,2.0,0
4354,3.0,3.0,0
2590,4.0,2.0,1
1946,3.0,3.0,0
8438,3.0,3.0,0
1058,3.0,3.0,0
1264,3.0,3.0,0
8366,3.0,2.0,2
7160,3.0,3.0,0
3177,3.0,3.0,0
534,3.0,3.0,0
857,3.0,3.0,0
3559,1.0,3.0,2
5007,3.0,3.0,0
66,3.0,3.0,0
7768,3.0,3.0,0
6769,4.0,1.0,2
4129,2.0,3.0,1
7198,1.0,3.0,2
1865,3.0,1.0,0
6087,4.0,3.0,1
1375,3.0,3.0,0
1003,3.0,3.0,0
3289,3.0,3.0,0
473,4.0,3.0,0
5521,3.0,3.0,0
6202,5.0,1.0,1
4794,3.0,3.0,0
4828,3.0,3.0,0
7230,3.0,3.0,0
5228,5.0,3.0,2
4756,3.0,3.0,0
1324,3.0,3.0,0
5019,1.0,1.0,0
6292,3.0,3.0,0
6146,1.0,5.0,2
1298,3.0,3.0,0
2803,3.0,3.0,0
5804,3.0,3.0,0
1982,3.0,3.0,0
4419,3.0,3.0,0
5395,3.0,2.0,1
4656,3.0,5.0,0
6374,3.0,3.0,0
4126,3.0,3.0,0
519,3.0,3.0,2
5992,2.0,5.0,2
3097,3.0,3.0,0
3827,3.0,1.0,1
8173,3.0,3.0,0
5256,3.0,3.0,0
5759,4.0,3.0,2
1401,3.0,3.0,0
2064,4.0,4.0,0
6307,3.0,3.0,0
5378,3.0,3.0,0
3950,3.0,3.0,0
1851,3.0,3.0,0
7948,4.0,1.0,0
6536,5.0,1.0,2
8287,3.0,3.0,0
6514,3.0,3.0,0
745,3.0,3.0,0
5995,3.0,3.0,0
1177,3.0,3.0,0
6438,1.0,1.0,0
995,3.0,3.0,0
7608,3.0,3.0,0
5325,3.0,3.0,0
6502,2.0,2.0,1
8152,3.0,3.0,0
7464,4.0,5.0,1
3127,3.0,3.0,0
6588,3.0,3.0,0
2133,3.0,3.0,0
5139,5.0,5.0,0
5486,3.0,3.0,0
3470,3.0,3.0,0
8172,2.0,1.0,0
178,3.0,3.0,0
133,3.0,3.0,0
3353,4.0,3.0,2
5649,3.0,3.0,0
6933,3.0,2.0,2
6575,3.0,3.0,0
3081,5.0,3.0,0
1076,3.0,3.0,0
3594,3.0,3.0,0
2479,3.0,3.0,0
8189,3.0,3.0,0
8384,4.0,2.0,1
2779,3.0,3.0,0
4463,3.0,2.0,1
8405,3.0,3.0,0
4562,4.0,3.0,2
3986,3.0,3.0,0
1403,3.0,3.0,0
4747,2.0,3.0,0
983,3.0,3.0,0
4081,3.0,2.0,0
3545,4.0,3.0,1
7146,3.0,3.0,0
158,3.0,3.0,0
5607,3.0,3.0,0
7620,3.0,3.0,0
7718,3.0,3.0,0
2459,3.0,3.0,0
1480,3.0,3.0,0
3316,3.0,3.0,0
4862,3.0,3.0,0
1536,4.0,3.0,0
4490,3.0,3.0,0
7670,3.0,3.0,0
38,3.0,3.0,0
1966,4.0,3.0,0
5785,1.0,2.0,0
6746,3.0,3.0,0
3144,3.0,3.0,0
8246,3.0,3.0,0
2884,2.0,5.0,1
3711,3.0,3.0,0
2928,2.0,3.0,0
2003,3.0,3.0,0
2752,4.0,3.0,0
7663,3.0,3.0,0
96,5.0,5.0,1
1730,3.0,3.0,0
7777,3.0,3.0,0
2440,3.0,3.0,0
5915,3.0,3.0,0
3669,2.0,3.0,0
7427,3.0,3.0,0
1481,4.0,3.0,2
2821,5.0,1.0,0
812,3.0,3.0,0
5390,3.0,3.0,0
8422,3.0,3.0,0
5848,4.0,3.0,0
6990,3.0,3.0,0
252,3.0,3.0,0
4632,3.0,3.0,0
335,3.0,3.0,0
4363,3.0,3.0,0
5042,1.0,1.0,0
4303,3.0,3.0,0
7775,2.0,3.0,0
1346,3.0,3.0,0
7118,3.0,3.0,0
7402,1.0,5.0,0
737,3.0,3.0,0
3769,3.0,3.0,0
3108,3.0,3.0,0
5437,4.0,3.0,2
2583,3.0,3.0,0
4582,3.0,3.0,0
2058,3.0,3.0,0
3928,3.0,3.0,0
6788,3.0,3.0,0
1671,3.0,3.0,0
7020,3.0,3.0,0
3625,3.0,3.0,0
7465,1.0,2.0,1
1421,3.0,3.0,0
6310,3.0,3.0,2
81,3.0,3.0,0
2700,3.0,3.0,0
466,3.0,3.0,0
2751,3.0,3.0,0
8091,1.0,3.0,0
2604,3.0,3.0,0
8184,3.0,3.0,0
1784,3.0,1.0,0
6406,4.0,4.0,1
2630,5.0,2.0,1
7110,3.0,3.0,0
5939,3.0,5.0,2
2437,3.0,3.0,0
3133,3.0,2.0,0
1845,3.0,3.0,0
1502,3.0,3.0,0
5518,3.0,3.0,0
2314,3.0,3.0,2
504,3.0,1.0,0
8267,3.0,3.0,0
4029,3.0,3.0,0
322,3.0,3.0,0
4234,1.0,3.0,1
2482,3.0,3.0,0
4773,3.0,3.0,0
497,1.0,5.0,0
8149,3.0,3.0,0
6466,3.0,1.0,0
5963,3.0,3.0,0
4371,3.0,3.0,0
2996,4.0,3.0,0
2019,3.0,3.0,0
684,3.0,1.0,0
4057,3.0,3.0,0
1245,3.0,3.0,0
7166,3.0,3.0,0
4056,3.0,3.0,0
5906,3.0,3.0,0
3694,3.0,3.0,0
7408,3.0,3.0,0
3046,1.0,3.0,0
5793,4.0,2.0,0
8396,3.0,3.0,0
5158,5.0,3.0,0
4191,3.0,3.0,0
5165,3.0,3.0,0
1812,3.0,3.0,0
2037,4.0,2.0,0
605,3.0,3.0,1
6261,2.0,3.0,2
3007,3.0,3.0,0
5532,3.0,3.0,0
7767,4.0,3.0,0
4163,1.0,3.0,2
3128,3.0,3.0,0
4869,3.0,3.0,0
2615,3.0,3.0,0
7017,3.0,3.0,0
5602,4.0,3.0,1
1220,3.0,3.0,0
2532,5.0,5.0,1
3940,4.0,4.0,0
3290,1.0,2.0,2
3581,3.0,3.0,0
3218,3.0,3.0,0
5493,3.0,3.0,0
5811,3.0,3.0,0
6452,3.0,3.0,0
8014,3.0,3.0,0
7203,3.0,3.0,0
7599,3.0,3.0,1
555,3.0,3.0,0
6792,3.0,3.0,0
5808,3.0,3.0,0
4384,5.0,1.0,1
1868,3.0,3.0,0
7932,3.0,3.0,0
6210,3.0,3.0,0
484,5.0,1.0,0
5853,3.0,3.0,2
6273,3.0,3.0,0
1468,5.0,3.0,0
8147,3.0,2.0,0
6411,5.0,3.0,1
3992,1.0,2.0,2
1916,3.0,3.0,0
6180,3.0,3.0,0
1124,3.0,3.0,0
7269,3.0,3.0,0
1047,3.0,3.0,0
6407,3.0,3.0,0
3398,2.0,1.0,0
49,3.0,3.0,0
4291,3.0,3.0,0
8346,3.0,2.0,0
2146,3.0,3.0,0
6056,3.0,3.0,0
743,3.0,3.0,0
7173,3.0,3.0,0
6207,3.0,3.0,0
6660,3.0,5.0,1
1607,3.0,3.0,0
3214,3.0,3.0,0
6013,3.0,3.0,0
6920,3.0,3.0,0
4673,3.0,3.0,0
5156,3.0,3.0,0
394,3.0,3.0,0
4512,5.0,3.0,0
231,3.0,3.0,0
1996,3.0,3.0,0
8213,3.0,3.0,0
6316,2.0,3.0,0
7045,3.0,3.0,0
2875,4.0,3.0,2
5075,1.0,4.0,1
1057,3.0,3.0,0
2579,3.0,3.0,0
3993,1.0,1.0,0
4519,1.0,4.0,1
6667,3.0,3.0,0
3471,3.0,2.0,2
4872,3.0,3.0,0
6533,3.0,3.0,0
4815,3.0,3.0,0
3356,1.0,1.0,0
2112,3.0,3.0,0
3456,3.0,3.0,0
62,3.0,3.0,0
5205,3.0,3.0,0
3044,3.0,3.0,0
4901,3.0,3.0,0
4687,3.0,3.0,0
403,3.0,3.0,1
333,2.0,3.0,1
6629,3.0,3.0,0
6582,1.0,3.0,2
4320,3.0,3.0,0
2826,3.0,3.0,0
1045,3.0,3.0,0
4061,2.0,5.0,0
4650,5.0,3.0,0
2185,4.0,3.0,0
246,3.0,3.0,0
7468,3.0,3.0,0
7279,3.0,3.0,0
3650,5.0,1.0,0
1732,2.0,2.0,0
7785,3.0,3.0,0
1350,3.0,3.0,0
8285,5.0,3.0,2
1011,5.0,1.0,1
6363,3.0,5.0,0
1143,2.0,3.0,0
2674,1.0,4.0,0
2819,3.0,3.0,2
3947,5.0,2.0,1
6832,3.0,3.0,0
3972,3.0,3.0,0
707,3.0,3.0,0
1650,1.0,5.0,2
1128,3.0,3.0,0
3401,3.0,3.0,0
3323,3.0,3.0,0
539,3.0,3.0,0
7766,4.0,3.0,0
4076,3.0,3.0,0
697,3.0,3.0,0
80,3.0,3.0,0
3690,3.0,3.0,0
380,3.0,3.0,0
7097,3.0,2.0,1
4327,3.0,3.0,0
922,3.0,3.0,0
3488,3.0,3.0,0
51,3.0,3.0,0
4114,3.0,3.0,0
1329,2.0,3.0,0
2099,3.0,3.0,0
2649,4.0,2.0,1
382,4.0,2.0,0
1804,3.0,3.0,0
744,4.0,3.0,1
1184,5.0,2.0,1
1567,3.0,3.0,0
2472,3.0,3.0,1
2334,3.0,3.0,0
6035,4.0,1.0,0
7716,3.0,3.0,0
2466,3.0,3.0,0
2575,3.0,3.0,0
150,3.0,3.0,2
7070,3.0,3.0,0
446,3.0,3.0,0
4075,4.0,3.0,2
7830,3.0,3.0,0
4732,3.0,3.0,0
170,1.0,3.0,0
8322,3.0,3.0,0
4351,3.0,3.0,0
859,3.0,3.0,0
1594,1.0,1.0,0
7417,3.0,3.0,0
2841,3.0,3.0,0
6305,2.0,5.0,2
8362,2.0,3.0,0
7356,3.0,3.0,0
1587,3.0,3.0,0
1234,3.0,3.0,0
3591,3.0,3.0,0
5823,2.0,1.0,1
6229,3.0,3.0,0
1288,3.0,3.0,0
6110,3.0,3.0,0
8432,3.0,3.0,0
7088,3.0,3.0,0
4488,3.0,3.0,0
3904,1.0,5.0,1
1347,4.0,1.0,2
4101,3.0,3.0,0
1503,3.0,3.0,0
8468,3.0,3.0,0
7320,4.0,1.0,2
4706,5.0,5.0,2
5431,3.0,3.0,0
5857,3.0,3.0,0
7957,3.0,2.0,1
510,5.0,3.0,0
1609,3.0,3.0,0
1979,4.0,3.0,1
4249,3.0,3.0,0
1422,3.0,3.0,0
4983,3.0,3.0,0
7432,1.0,2.0,0
7298,3.0,3.0,0
4660,3.0,3.0,0
5108,3.0,3.0,0
5008,3.0,3.0,0
7004,3.0,3.0,0
3371,2.0,1.0,1
863,2.0,3.0,2
8312,1.0,3.0,0
7903,3.0,3.0,0
3269,3.0,3.0,0
5187,2.0,5.0,0
182,3.0,3.0,0
2211,3.0,3.0,0
7038,1.0,1.0,0
7835,4.0,3.0,0
5404,5.0,3.0,0
2860,5.0,5.0,0
2544,3.0,3.0,0
2247,5.0,3.0,1
683,3.0,3.0,0
1323,3.0,3.0,0
2755,1.0,1.0,0
5752,3.0,3.0,0
7286,3.0,3.0,0
200,5.0,1.0,2
6841,3.0,3.0,0
4085,3.0,3.0,0
4025,5.0,3.0,0
545,3.0,3.0,0
181,3.0,3.0,0
3913,5.0,4.0,0
7249,4.0,3.0,0
42,3.0,2.0,2
6969,3.0,3.0,0
8308,3.0,3.0,0
8195,2.0,5.0,0
1331,3.0,3.0,0
7412,3.0,3.0,0
5891,3.0,3.0,0
2289,3.0,3.0,0
1028,3.0,3.0,0
1386,3.0,3.0,0
4465,4.0,2.0,0
6873,3.0,3.0,0
8394,4.0,2.0,2
8251,1.0,5.0,0
6299,3.0,3.0,0
2134,3.0,3.0,0
6603,3.0,1.0,0
2317,3.0,3.0,0
3892,1.0,1.0,2
2400,3.0,3.0,0
3804,3.0,3.0,0
7972,3.0,3.0,0
2699,2.0,4.0,0
8269,2.0,1.0,0
4662,3.0,3.0,0
4457,3.0,3.0,0
602,3.0,3.0,0
3099,3.0,3.0,0
4804,3.0,3.0,0
409,2.0,3.0,0
3132,1.0,2.0,1
3775,3.0,3.0,0
6498,3.0,3.0,0
2555,5.0,1.0,0
6525,1.0,4.0,1
7168,3.0,3.0,1
1018,2.0,3.0,1
7529,3.0,3.0,0
5883,3.0,3.0,0
3400,1.0,1.0,1
4835,3.0,1.0,0
6050,3.0,3.0,0
1428,5.0,1.0,1
6636,3.0,3.0,0
4428,3.0,3.0,0
4757,3.0,3.0,0
7228,3.0,3.0,0
8400,3.0,3.0,0
4185,3.0,3.0,0
1791,3.0,3.0,0
4323,3.0,3.0,0
4533,4.0,3.0,1
2866,3.0,3.0,0
3525,4.0,5.0,1
4476,1.0,3.0,1
1666,3.0,3.0,0
3283,3.0,3.0,0
6782,3.0,3.0,0
577,1.0,1.0,2
2754,1.0,1.0,2
3103,3.0,3.0,0
6616,3.0,3.0,0
8428,3.0,3.0,0
1198,3.0,3.0,0
7571,3.0,3.0,0
355,3.0,3.0,0
416,3.0,3.0,0
1617,3.0,3.0,0
3239,3.0,3.0,0
8055,3.0,3.0,0
1808,5.0,1.0,0
760,3.0,3.0,0
3255,3.0,3.0,0
3071,4.0,1.0,1
7901,3.0,3.0,0
2246,1.0,3.0,1
3317,3.0,3.0,0
4221,3.0,3.0,0
329,3.0,3.0,0
4300,3.0,3.0,0
2408,3.0,3.0,0
8182,2.0,4.0,0
7002,2.0,4.0,1
4792,3.0,3.0,0
1430,3.0,3.0,0
3785,3.0,3.0,0
7900,3.0,3.0,0
1513,3.0,3.0,0
4473,3.0,3.0,0
4292,3.0,2.0,2
7753,3.0,3.0,0
5211,4.0,1.0,1
971,3.0,3.0,0
5763,3.0,3.0,0
8131,3.0,3.0,0
7274,3.0,3.0,0
1919,5.0,3.0,2
2252,3.0,2.0,0
1836,4.0,5.0,2
8114,3.0,3.0,0
2374,3.0,3.0,0
1211,3.0,3.0,0
5926,3.0,3.0,0
6427,3.0,3.0,0
7899,3.0,3.0,0
2967,4.0,5.0,0
4417,3.0,3.0,0
3659,3.0,3.0,0
5366,3.0,3.0,0
8086,1.0,1.0,0
4355,3.0,4.0,0
6999,3.0,3.0,0
2587,5.0,3.0,0
4735,3.0,3.0,0
5825,3.0,3.0,0
6828,3.0,3.0,0
6824,1.0,3.0,0
436,3.0,3.0,0
1537,3.0,3.0,0
3320,3.0,3.0,0
309,3.0,3.0,0
7568,4.0,5.0,0
88,3.0,3.0,0
6150,3.0,3.0,0
4592,5.0,2.0,0
3687,3.0,3.0,0
1534,3.0,3.0,0
2030,3.0,3.0,0
1227,3.0,3.0,0
1340,5.0,5.0,0
4604,3.0,3.0,0
6523,3.0,3.0,0
2095,3.0,5.0,2
258,3.0,3.0,0
4542,3.0,3.0,0
3541,5.0,2.0,0
4857,3.0,3.0,0
5545,3.0,3.0,0
2009,3.0,3.0,0
5956,3.0,3.0,0
3321,3.0,3.0,0
1719,5.0,3.0,0
738,3.0,3.0,0
8039,3.0,3.0,0
6177,4.0,4.0,0
4702,3.0,5.0,2
544,2.0,1.0,0
4611,3.0,3.0,0
8328,3.0,3.0,0
3126,3.0,3.0,0
6290,3.0,3.0,0
1923,3.0,3.0,0
6886,3.0,3.0,0
1833,3.0,3.0,0
2771,3.0,2.0,0
801,3.0,3.0,0
3297,3.0,3.0,0
57,3.0,3.0,0
70,1.0,3.0,2
712,2.0,1.0,0
266,2.0,3.0,0
5103,1.0,3.0,1
7737,3.0,3.0,0
8113,5.0,1.0,0
1196,3.0,3.0,0
8265,3.0,3.0,0
6055,4.0,4.0,0
7786,3.0,3.0,0
1738,3.0,3.0,0
3965,3.0,3.0,0
5141,3.0,3.0,0
3455,3.0,3.0,0
4447,3.0,3.0,0
8352,3.0,3.0,0
7250,3.0,3.0,0
3310,3.0,3.0,0
8140,4.0,3.0,2
5169,3.0,3.0,0
752,3.0,3.0,0
2629,2.0,1.0,0
6474,3.0,3.0,0
7991,3.0,3.0,0
477,3.0,3.0,0
4196,3.0,3.0,0
2511,3.0,3.0,0
1741,3.0,3.0,0
212,3.0,3.0,0
469,2.0,1.0,2
4539,3.0,3.0,0
8098,5.0,1.0,0
4624,3.0,3.0,0
1026,3.0,3.0,0
5628,3.0,1.0,0
4127,3.0,2.0,1
4658,3.0,3.0,0
7999,3.0,3.0,0
6975,4.0,5.0,0
7046,3.0,3.0,0
774,3.0,3.0,0
6727,1.0,3.0,0
6228,3.0,3.0,0
1447,3.0,3.0,0
4639,3.0,3.0,0
642,3.0,3.0,0
2224,3.0,3.0,0
8159,2.0,2.0,1
5912,4.0,2.0,1
5941,3.0,3.0,0
3211,1.0,5.0,0
6395,2.0,3.0,0
1109,3.0,3.0,0
1576,3.0,3.0,0
7213,3.0,3.0,0
8404,3.0,3.0,0
3530,3.0,3.0,0
7278,3.0,3.0,0
6115,3.0,3.0,0
3182,2.0,3.0,0
958,3.0,3.0,0
5938,3.0,3.0,0
5921,3.0,3.0,0
4305,1.0,2.0,2
2612,1.0,5.0,1
119,3.0,3.0,0
5841,3.0,3.0,0
7750,3.0,3.0,0
7300,4.0,4.0,0
8370,3.0,3.0,0
6346,3.0,3.0,0
4982,2.0,2.0,0
1579,3.0,3.0,0
5551,3.0,3.0,0
8368,3.0,3.0,0
1173,3.0,3.0,0
3129,3.0,3.0,0
3708,3.0,5.0,0
8124,3.0,3.0,1
7519,5.0,5.0,1
3435,3.0,3.0,0
6209,3.0,3.0,0
6932,3.0,3.0,0
7566,3.0,3.0,0
5592,3.0,3.0,0
4318,3.0,3.0,0
7275,3.0,3.0,0
4602,3.0,3.0,2
7208,3.0,3.0,0
2909,4.0,3.0,0
5547,3.0,3.0,0
816,4.0,3.0,0
7006,1.0,1.0,0
619,3.0,3.0,0
5964,3.0,3.0,0
1776,3.0,3.0,0
4330,3.0,3.0,0
1043,4.0,3.0,0
3686,3.0,3.0,0
6224,3.0,3.0,0
1075,3.0,3.0,0
6420,3.0,3.0,0
180,3.0,3.0,0
7526,2.0,2.0,1
1563,3.0,3.0,0
2570,3.0,3.0,0
5740,3.0,3.0,0
6148,3.0,3.0,0
6102,4.0,3.0,1
1598,3.0,3.0,0
7400,3.0,3.0,0
7969,3.0,3.0,0
1841,3.0,3.0,0
8105,3.0,3.0,0
4764,3.0,3.0,0
6423,3.0,3.0,0
4813,3.0,3.0,0
7772,3.0,3.0,0
7001,3.0,3.0,0
8385,2.0,4.0,2
8410,3.0,3.0,0
5636,1.0,4.0,0
6399,3.0,3.0,0
8413,3.0,3.0,0
2648,3.0,3.0,0
2108,3.0,3.0,0
6164,3.0,3.0,0
4839,3.0,3.0,0
7582,2.0,3.0,1
1759,3.0,3.0,0
8343,3.0,3.0,0
5959,3.0,3.0,0
2261,3.0,3.0,0
1164,3.0,3.0,0
4421,2.0,1.0,0
7779,2.0,1.0,1
2068,5.0,4.0,2
3479,5.0,2.0,0
5599,3.0,3.0,0
5154,4.0,1.0,0
301,3.0,3.0,0
1145,3.0,3.0,0
1299,4.0,1.0,2
2209,3.0,3.0,0
2624,3.0,3.0,0
5186,2.0,4.0,1
1282,3.0,3.0,0
7655,5.0,3.0,2
3048,3.0,3.0,0
7890,3.0,3.0,0
2390,3.0,3.0,0
1158,2.0,2.0,0
8272,3.0,3.0,0
487,3.0,3.0,0
1181,3.0,3.0,0
5403,3.0,3.0,0
3750,5.0,2.0,0
6445,3.0,3.0,0
3542,3.0,5.0,0
6211,3.0,3.0,0
4723,3.0,3.0,0
4395,3.0,3.0,0
3050,3.0,3.0,0
4247,2.0,3.0,2
5635,3.0,3.0,0
3834,1.0,1.0,2
6195,3.0,3.0,0
5548,2.0,1.0,1
8215,3.0,3.0,0
6386,3.0,3.0,0
666,2.0,5.0,0
6773,3.0,3.0,0
7738,3.0,3.0,1
643,2.0,5.0,2
2599,3.0,3.0,0
177,3.0,3.0,0
4099,3.0,3.0,0
8329,3.0,3.0,0
787,1.0,1.0,0
5859,3.0,3.0,0
3860,2.0,5.0,1
6158,4.0,3.0,0
6624,5.0,3.0,1
92,3.0,3.0,0
5352,3.0,3.0,0
5973,2.0,3.0,2
6401,3.0,3.0,0
1473,3.0,3.0,0
2355,3.0,3.0,0
531,3.0,3.0,0
3974,3.0,3.0,0
997,3.0,3.0,0
8058,3.0,3.0,0
2216,3.0,5.0,0
7257,3.0,3.0,0
3969,2.0,5.0,2
2989,2.0,3.0,0
107,2.0,5.0,0
1673,3.0,3.0,0
1019,3.0,3.0,0
132,3.0,3.0,0
6979,3.0,3.0,0
1596,5.0,2.0,2
5462,1.0,3.0,1
1863,3.0,3.0,0
7075,3.0,3.0,0
7459,3.0,3.0,0
4752,3.0,3.0,0
2846,1.0,5.0,2
5235,3.0,3.0,0
5490,3.0,3.0,0
3383,1.0,3.0,1
4873,3.0,3.0,0
2165,3.0,3.0,0
695,3.0,3.0,0
3899,3.0,3.0,0
5703,3.0,3.0,0
168,3.0,2.0,0
8040,4.0,3.0,2
368,3.0,3.0,0
2518,3.0,3.0,0
6422,3.0,3.0,0
5097,3.0,3.0,0
836,3.0,3.0,0
6651,4.0,3.0,1
1657,3.0,3.0,0
6552,3.0,3.0,0
3280,3.0,3.0,0
1559,3.0,3.0,0
6443,3.0,3.0,0
8355,3.0,3.0,0
7388,3.0,2.0,0
5087,4.0,2.0,2
4641,3.0,3.0,0
2359,1.0,3.0,0
4339,3.0,3.0,0
5073,3.0,3.0,0
2389,3.0,3.0,0
4948,1.0,2.0,0
7083,3.0,3.0,0
5993,1.0,1.0,2
2007,3.0,3.0,0
7941,3.0,3.0,0
6464,3.0,3.0,0
5653,3.0,3.0,0
4197,3.0,3.0,0
7033,3.0,3.0,0
4521,3.0,3.0,0
2062,5.0,3.0,0
4664,5.0,2.0,0
3817,3.0,3.0,0
2488,4.0,2.0,0
3743,3.0,3.0,0
4615,1.0,3.0,1
1316,5.0,1.0,1
7494,5.0,2.0,2
4240,4.0,3.0,0
7167,3.0,3.0,0
6026,3.0,3.0,0
5633,3.0,3.0,0
4376,3.0,3.0,0
1510,3.0,3.0,0
4568,3.0,3.0,0
6348,1.0,2.0,2
4772,3.0,3.0,0
7493,3.0,3.0,0
7789,5.0,3.0,0
74,3.0,1.0,2
3249,3.0,3.0,0
3981,3.0,1.0,2
1818,3.0,3.0,0
3064,5.0,5.0,1
4740,3.0,3.0,0
2958,3.0,3.0,0
5005,3.0,3.0,0
6830,1.0,3.0,0
4538,3.0,3.0,0
7682,3.0,3.0,0
7723,3.0,3.0,0
2796,5.0,3.0,0
1204,3.0,3.0,0
2985,1.0,2.0,1
1663,1.0,1.0,2
3657,3.0,4.0,0
2358,5.0,1.0,2
6244,3.0,3.0,0
1927,3.0,3.0,0
32,3.0,3.0,0
2686,3.0,3.0,0
6082,1.0,5.0,1
3647,3.0,3.0,0
4959,3.0,3.0,0
169,3.0,3.0,0
4399,5.0,5.0,0
7950,3.0,3.0,0
8466,3.0,3.0,0
1660,4.0,3.0,0
8275,3.0,3.0,0
2681,3.0,3.0,0
806,3.0,3.0,0
2707,3.0,3.0,0
8321,1.0,3.0,1
6099,1.0,2.0,0
4202,3.0,3.0,0
5301,2.0,3.0,2
1243,5.0,2.0,0
4986,3.0,2.0,0
3910,1.0,2.0,0
8327,3.0,3.0,0
1972,3.0,3.0,0
3689,3.0,3.0,0
1431,3.0,3.0,0
7210,3.0,3.0,0
27,3.0,3.0,0
3086,3.0,3.0,0
2276,3.0,3.0,0
5330,3.0,3.0,0
1466,5.0,3.0,0
1303,3.0,3.0,0
6484,4.0,5.0,0
4824,3.0,3.0,0
6302,3.0,3.0,0
2349,3.0,3.0,0
5715,3.0,3.0,0
7803,3.0,3.0,0
501,5.0,4.0,0
6878,3.0,3.0,0
438,4.0,3.0,1
4553,3.0,3.0,0
7505,3.0,3.0,0
3306,3.0,3.0,0
5821,3.0,3.0,0
2457,3.0,3.0,0
7535,3.0,3.0,0
2281,2.0,3.0,0
7096,5.0,2.0,0
3115,3.0,3.0,0
2969,5.0,3.0,1
7303,1.0,1.0,2
6241,4.0,1.0,2
6591,1.0,4.0,2
7525,3.0,3.0,0
5849,3.0,3.0,0
1040,2.0,5.0,1
6163,3.0,3.0,0
5426,3.0,3.0,0
4152,4.0,1.0,2
6023,2.0,2.0,1
2111,3.0,3.0,0
5022,3.0,3.0,0
108,3.0,3.0,0
5737,1.0,1.0,0
4690,1.0,3.0,2
1415,3.0,3.0,0
535,2.0,2.0,0
1624,4.0,5.0,0
1558,3.0,3.0,0
586,2.0,4.0,2
8398,2.0,3.0,0
4956,3.0,1.0,0
6930,3.0,3.0,0
6232,3.0,3.0,0
2407,3.0,3.0,0
3919,3.0,3.0,0
492,3.0,3.0,0
5654,3.0,3.0,0
219,3.0,3.0,0
8364,3.0,3.0,0
1742,3.0,3.0,0
8374,3.0,3.0,0
7150,3.0,3.0,2
853,5.0,3.0,0
6350,5.0,3.0,0
7509,3.0,3.0,0
7476,3.0,3.0,0
4315,2.0,3.0,0
4055,3.0,3.0,0
7333,5.0,1.0,0
7220,1.0,2.0,0
2647,3.0,3.0,0
2956,1.0,3.0,0
3911,5.0,1.0,0
398,3.0,3.0,0
1318,3.0,3.0,0
6187,2.0,5.0,0
122,3.0,3.0,0
402,3.0,3.0,0
6571,5.0,1.0,2
7290,3.0,3.0,0
8060,3.0,5.0,0
2499,3.0,3.0,0
5311,3.0,3.0,0
5195,3.0,3.0,0
6147,3.0,3.0,0
3474,5.0,5.0,2
6335,3.0,3.0,0
6479,3.0,3.0,0
5082,3.0,3.0,0
574,3.0,3.0,0
6120,3.0,3.0,0
5894,3.0,3.0,0
4975,1.0,3.0,0
4393,3.0,3.0,0
8437,3.0,3.0,0
1408,3.0,3.0,0
536,3.0,3.0,0
7871,3.0,3.0,0
5155,4.0,5.0,0
7355,3.0,3.0,0
5113,3.0,5.0,0
1435,5.0,5.0,2
4484,3.0,3.0,0
1627,3.0,3.0,0
1222,3.0,3.0,0
4013,3.0,3.0,0
2474,4.0,5.0,1
5673,3.0,3.0,0
1455,3.0,3.0,0
1878,3.0,3.0,0
474,3.0,3.0,0
8409,3.0,3.0,0
3990,3.0,3.0,0
882,3.0,3.0,0
52,3.0,3.0,0
3423,3.0,3.0,0
4105,3.0,3.0,0
3774,2.0,3.0,2
5201,3.0,3.0,0
470,3.0,3.0,0
2226,5.0,1.0,0
6674,3.0,3.0,0
7461,3.0,3.0,0
248,3.0,3.0,0
3784,3.0,3.0,0
6585,3.0,3.0,0
866,5.0,3.0,2
762,3.0,3.0,0
3051,2.0,1.0,0
1953,3.0,3.0,0
4560,3.0,3.0,0
6530,1.0,3.0,2
6473,5.0,3.0,2
3024,3.0,3.0,0
426,3.0,3.0,0
189,1.0,1.0,2
6416,3.0,3.0,0
4516,3.0,3.0,0
229,3.0,3.0,0
7394,2.0,5.0,0
1672,3.0,3.0,0
694,3.0,3.0,0
1042,3.0,3.0,0
4853,3.0,3.0,0
8042,3.0,3.0,0
8241,3.0,3.0,0
2116,3.0,3.0,0
3003,3.0,3.0,0
5541,5.0,3.0,0
4048,4.0,3.0,2
1488,4.0,5.0,0
8273,3.0,3.0,0
2610,4.0,3.0,2
3478,5.0,1.0,0
1129,3.0,3.0,0
5996,3.0,3.0,0
7206,3.0,3.0,0
7539,3.0,3.0,0
7380,3.0,3.0,0
59,5.0,3.0,0
2250,4.0,5.0,0
5517,3.0,3.0,0
2698,3.0,3.0,0
2373,1.0,3.0,0
1619,1.0,5.0,0
2593,3.0,3.0,0
8074,3.0,2.0,0
97,3.0,3.0,0
8061,3.0,3.0,0
961,3.0,3.0,0
327,3.0,3.0,0
2930,3.0,3.0,0
878,3.0,3.0,0
3768,3.0,3.0,0
3195,1.0,1.0,1
157,3.0,3.0,0
1766,5.0,1.0,0
5514,1.0,1.0,1
4410,3.0,3.0,0
3792,3.0,3.0,0
6429,3.0,3.0,0
612,4.0,3.0,0
5401,4.0,3.0,0
2184,3.0,3.0,0
4472,3.0,3.0,0
2405,3.0,3.0,0
1189,3.0,4.0,2
4621,2.0,3.0,0
5836,3.0,3.0,0
448,3.0,3.0,0
8070,3.0,3.0,0
1821,3.0,3.0,0
2088,3.0,3.0,0
593,3.0,3.0,0
3210,4.0,3.0,0
5594,2.0,5.0,0
5457,3.0,3.0,0
5272,3.0,5.0,0
7825,3.0,3.0,0
2543,3.0,3.0,0
8373,3.0,3.0,0
4078,2.0,5.0,0
848,3.0,3.0,0
8406,3.0,3.0,0
6709,1.0,5.0,2
625,3.0,3.0,0
4940,1.0,2.0,0
3843,3.0,3.0,0
2132,1.0,1.0,0
5713,3.0,3.0,0
7139,4.0,1.0,0
8232,3.0,3.0,0
757,3.0,3.0,0
2888,3.0,3.0,0
7604,2.0,3.0,0
2305,3.0,3.0,0
7852,3.0,3.0,0
3114,2.0,3.0,1
7066,3.0,3.0,0
6067,3.0,3.0,0
5361,3.0,3.0,0
2222,1.0,1.0,1
1906,4.0,3.0,0
7131,3.0,3.0,0
5750,3.0,3.0,0
4892,4.0,4.0,1
4709,1.0,3.0,0
7458,3.0,3.0,0
7116,3.0,1.0,1
3017,3.0,3.0,0
765,1.0,2.0,0
6797,3.0,3.0,0
5016,3.0,3.0,0
3236,3.0,3.0,0
2190,3.0,3.0,0
1373,1.0,3.0,0
5968,3.0,3.0,0
334,2.0,5.0,0
1260,3.0,3.0,0
5040,3.0,3.0,0
1702,3.0,3.0,0
4225,3.0,3.0,0
1025,3.0,3.0,0
3140,3.0,3.0,0
753,5.0,3.0,0
1745,3.0,3.0,0
8393,3.0,3.0,0
352,3.0,3.0,0
1512,3.0,3.0,0
2940,3.0,3.0,0
7455,3.0,3.0,0
4158,3.0,3.0,0
4272,3.0,3.0,0
6793,3.0,3.0,0
1729,3.0,3.0,0
6860,3.0,3.0,0
7224,3.0,3.0,0
5660,3.0,3.0,0
562,3.0,3.0,0
8216,4.0,5.0,0
4661,3.0,3.0,0
4858,1.0,2.0,0
8248,3.0,3.0,0
2863,1.0,3.0,0
4819,3.0,3.0,0
3788,3.0,3.0,0
7362,3.0,3.0,0
3762,3.0,3.0,0
7433,3.0,3.0,0
7376,3.0,3.0,0
1048,4.0,2.0,0
5969,5.0,3.0,0
8132,1.0,3.0,0
415,3.0,3.0,0
2795,3.0,3.0,0
7498,3.0,3.0,0
7647,5.0,1.0,0
2727,4.0,3.0,1
4349,3.0,3.0,0
3754,3.0,3.0,0
5278,3.0,3.0,0
4871,3.0,3.0,0
4672,3.0,3.0,0
3699,3.0,3.0,0
8067,3.0,2.0,0
1584,2.0,2.0,0
1413,3.0,3.0,0
3906,4.0,1.0,0
1840,3.0,3.0,0
2922,2.0,5.0,0
7015,3.0,3.0,0
1508,3.0,3.0,0
4340,4.0,2.0,1
4861,3.0,3.0,0
1871,3.0,3.0,0
843,3.0,3.0,0
1147,3.0,3.0,0
5618,3.0,3.0,0
5383,4.0,3.0,2
2202,3.0,3.0,0
7101,3.0,3.0,0
1254,3.0,3.0,0
464,2.0,3.0,0
3574,3.0,3.0,0
5227,3.0,3.0,0
6682,3.0,3.0,0
5584,3.0,3.0,0
5847,1.0,1.0,1
4795,3.0,3.0,0
379,4.0,3.0,2
4748,3.0,3.0,0
5895,3.0,3.0,0
1336,5.0,2.0,1
1224,5.0,2.0,1
1881,3.0,3.0,0
669,3.0,3.0,0
1889,3.0,3.0,0
7816,3.0,3.0,0
4708,3.0,3.0,0
3617,3.0,3.0,0
6752,3.0,3.0,0
2692,3.0,3.0,0
5791,3.0,3.0,0
2642,3.0,3.0,0
6543,3.0,3.0,0
4766,4.0,3.0,0
2392,3.0,3.0,0
1935,3.0,3.0,0
4304,3.0,3.0,0
2894,3.0,3.0,0
2288,3.0,3.0,0
7296,3.0,3.0,0
4333,3.0,3.0,0
1190,5.0,5.0,0
8298,3.0,3.0,0
4718,5.0,2.0,1
5181,3.0,3.0,0
1963,3.0,3.0,0
8313,3.0,5.0,2
5124,1.0,1.0,0
1407,3.0,3.0,0
1562,3.0,3.0,0
4039,3.0,1.0,1
1176,3.0,3.0,0
5365,3.0,3.0,0
1942,3.0,3.0,0
4140,3.0,3.0,0
2603,3.0,3.0,0
5934,3.0,3.0,0
215,3.0,3.0,0
4865,3.0,3.0,0
4142,3.0,3.0,0
548,3.0,3.0,0
5677,3.0,3.0,0
1546,3.0,3.0,0
2115,3.0,3.0,0
6205,2.0,1.0,0
4223,3.0,3.0,0
173,3.0,3.0,0
1727,1.0,1.0,0
7360,3.0,2.0,0
6233,3.0,3.0,0
595,3.0,3.0,0
5828,4.0,5.0,0
1616,3.0,3.0,0
1756,3.0,5.0,0
7787,3.0,3.0,0
6455,3.0,3.0,0
4528,3.0,3.0,0
232,3.0,3.0,0
6771,3.0,3.0,0
2113,3.0,3.0,0
7747,3.0,3.0,0
3781,3.0,3.0,0
8463,3.0,3.0,0
3394,3.0,3.0,0
7851,5.0,3.0,1
4402,3.0,3.0,0
6253,5.0,1.0,1
8198,3.0,3.0,0
4688,3.0,3.0,0
3204,3.0,3.0,0
7888,1.0,1.0,0
7314,3.0,3.0,0
8107,3.0,3.0,0
1516,3.0,3.0,0
217,3.0,3.0,0
1039,3.0,3.0,0
324,3.0,3.0,0
6621,3.0,3.0,2
4467,3.0,3.0,0
7439,3.0,3.0,0
7581,2.0,1.0,2
4141,3.0,3.0,0
4310,3.0,3.0,0
894,3.0,3.0,0
5338,3.0,3.0,0
3800,4.0,4.0,0
7158,5.0,5.0,1
2719,3.0,3.0,0
325,3.0,3.0,0
1216,3.0,3.0,0
3709,3.0,3.0,0
4424,2.0,4.0,2
6628,3.0,3.0,0
6881,3.0,3.0,0
7935,2.0,3.0,2
5475,4.0,3.0,0
1731,3.0,3.0,0
6072,3.0,1.0,2
6560,3.0,3.0,0
1130,1.0,3.0,0
2778,3.0,3.0,0
2465,5.0,3.0,0
6657,4.0,2.0,0
6692,3.0,3.0,0
665,3.0,3.0,1
4442,3.0,3.0,0
4951,3.0,3.0,0
209,3.0,3.0,0
6359,3.0,3.0,0
748,3.0,3.0,0
1898,3.0,3.0,1
4849,3.0,3.0,0
799,3.0,3.0,0
89,3.0,3.0,0
735,2.0,1.0,0
197,3.0,3.0,0
4971,2.0,1.0,0
4468,3.0,3.0,0
5999,3.0,3.0,0
1175,1.0,3.0,2
3363,1.0,1.0,0
3313,3.0,3.0,0
6200,3.0,3.0,0
2304,3.0,3.0,0
5661,3.0,3.0,0
6804,3.0,3.0,0
8036,4.0,2.0,0
1154,2.0,3.0,2
199,5.0,2.0,1
3025,3.0,3.0,0
4079,3.0,3.0,0
5091,3.0,3.0,0
1098,3.0,3.0,0
549,3.0,3.0,0
3072,3.0,3.0,0
6235,3.0,3.0,0
4128,3.0,3.0,0
8359,3.0,3.0,0
1322,3.0,3.0,0
7564,3.0,3.0,0
4652,3.0,3.0,0
2313,3.0,3.0,0
5161,2.0,1.0,0
7533,1.0,3.0,1
4946,1.0,3.0,0
5778,3.0,3.0,0
5711,3.0,3.0,0
4052,3.0,3.0,0
2318,3.0,3.0,0
5251,3.0,1.0,2
5884,3.0,3.0,0
5642,3.0,3.0,0
7958,3.0,3.0,0
7326,2.0,3.0,1
3590,2.0,2.0,0
2167,5.0,3.0,2
7218,3.0,3.0,0
938,5.0,2.0,1
5027,3.0,3.0,0
3152,5.0,2.0,1
5459,3.0,3.0,0
1794,3.0,3.0,0
623,3.0,3.0,0
6504,3.0,3.0,0
5647,3.0,3.0,0
3414,3.0,3.0,0
6471,3.0,3.0,0
5199,3.0,3.0,0
7125,3.0,3.0,0
8283,4.0,4.0,0
4882,3.0,3.0,0
3102,3.0,1.0,0
4265,4.0,1.0,1
7161,3.0,3.0,0
5285,3.0,3.0,0
6293,5.0,4.0,1
7407,3.0,3.0,0
621,5.0,2.0,0
1545,1.0,3.0,0
7623,3.0,3.0,0
8205,3.0,3.0,0
4491,2.0,1.0,1
15,4.0,5.0,0
479,3.0,3.0,0
1353,3.0,3.0,0
2274,1.0,3.0,2
6063,3.0,3.0,0
2320,3.0,3.0,0
6274,3.0,3.0,0
3915,3.0,3.0,0
2253,3.0,2.0,0
6556,3.0,3.0,0
1034,3.0,3.0,0
2756,5.0,2.0,1
287,3.0,3.0,0
551,3.0,3.0,0
5563,3.0,3.0,0
6433,3.0,3.0,0
7305,3.0,3.0,0
5065,1.0,2.0,0
3556,3.0,3.0,0
2307,3.0,3.0,0
6022,1.0,4.0,0
3887,3.0,3.0,0
5166,3.0,3.0,0
1917,5.0,3.0,0
8223,3.0,3.0,0
1570,3.0,3.0,0
1426,3.0,3.0,0
3019,3.0,3.0,0
2945,3.0,3.0,0
7105,3.0,3.0,0
1872,3.0,3.0,0
2267,1.0,3.0,2
3143,2.0,2.0,0
1958,3.0,3.0,2
4047,3.0,3.0,0
8077,2.0,5.0,0
2586,3.0,3.0,0
5801,3.0,3.0,0
3430,3.0,3.0,0
528,3.0,3.0,0
6912,3.0,3.0,0
8103,3.0,3.0,0
3308,3.0,3.0,0
2581,3.0,3.0,0
3704,3.0,3.0,0
7431,4.0,3.0,0
2777,3.0,3.0,0
7632,3.0,3.0,0
4508,3.0,3.0,0
7144,3.0,3.0,0
1150,3.0,3.0,0
2245,3.0,3.0,2
5686,3.0,3.0,0
4251,3.0,3.0,0
1,3.0,3.0,0
702,5.0,1.0,2
5051,3.0,3.0,0
7981,3.0,3.0,0
5280,3.0,3.0,0
7184,3.0,3.0,0
2406,3.0,3.0,0
4635,5.0,3.0,1
5946,3.0,3.0,0
1555,3.0,3.0,0
8188,3.0,5.0,0
3013,5.0,1.0,2
7964,3.0,3.0,0
7319,2.0,5.0,1
4884,3.0,1.0,2
7860,5.0,1.0,0
5429,3.0,1.0,2
834,3.0,3.0,0
1678,3.0,3.0,0
2311,3.0,3.0,0
5435,3.0,3.0,0
7557,3.0,3.0,0
550,3.0,3.0,0
1021,3.0,3.0,0
249,3.0,3.0,0
3067,1.0,1.0,2
2125,3.0,3.0,2
297,5.0,5.0,0
8101,3.0,3.0,0
58,3.0,3.0,0
5197,4.0,2.0,1
7928,3.0,3.0,0
6688,3.0,3.0,0
6218,3.0,3.0,0
7612,3.0,3.0,0
5682,5.0,3.0,0
4367,3.0,3.0,0
6478,5.0,5.0,1
101,3.0,3.0,0
5669,4.0,1.0,1
5045,3.0,3.0,0
6280,3.0,3.0,0
8446,3.0,3.0,0
5412,3.0,3.0,0
112,3.0,3.0,0
6450,3.0,3.0,0
2227,4.0,3.0,0
533,3.0,3.0,0
7047,3.0,3.0,0
3092,3.0,3.0,0
7472,3.0,3.0,0
5286,3.0,3.0,0
3998,3.0,3.0,0
1371,5.0,3.0,0
3858,3.0,3.0,0
347,3.0,3.0,0
5191,3.0,3.0,0
5000,3.0,3.0,0
8361,3.0,3.0,0
2200,3.0,2.0,0
682,3.0,3.0,0
435,3.0,3.0,0
3985,4.0,2.0,0
7771,3.0,3.0,0
7469,3.0,3.0,0
1112,3.0,3.0,0
1490,3.0,2.0,1
4889,3.0,3.0,0
813,3.0,3.0,0
1883,2.0,5.0,2
6729,2.0,1.0,2
2883,3.0,3.0,0
2302,3.0,3.0,0
1941,5.0,1.0,0
7273,3.0,3.0,0
8335,3.0,3.0,0
5021,3.0,3.0,0
5994,3.0,3.0,0
2651,1.0,1.0,1
3208,3.0,3.0,0
1182,3.0,3.0,0
1376,3.0,3.0,0
6378,3.0,3.0,0
2606,3.0,3.0,0
627,3.0,3.0,0
5683,3.0,3.0,0
1670,4.0,4.0,0
5786,3.0,1.0,0
6895,3.0,3.0,0
4990,2.0,1.0,2
85,3.0,3.0,0
3347,3.0,3.0,1
2292,3.0,3.0,0
7140,3.0,3.0,0
419,2.0,4.0,1
6139,3.0,3.0,0
7949,5.0,3.0,0
294,3.0,3.0,0
7848,3.0,3.0,0
1507,3.0,3.0,0
7176,3.0,3.0,0
8065,3.0,3.0,0
1635,3.0,3.0,0
3167,3.0,3.0,0
3480,1.0,3.0,2
1564,4.0,4.0,0
6605,3.0,3.0,0
4820,3.0,3.0,0
1980,3.0,3.0,0
1884,3.0,3.0,0
439,2.0,3.0,0
2573,3.0,3.0,0
6973,3.0,3.0,0
6719,3.0,3.0,0
3881,3.0,3.0,0
7661,5.0,3.0,2
374,1.0,5.0,1
7424,3.0,3.0,0
6052,4.0,1.0,2
4788,3.0,3.0,0
7629,3.0,3.0,0
7719,3.0,3.0,0
1785,3.0,3.0,0
4731,3.0,3.0,0
2690,3.0,3.0,0
2484,3.0,3.0,0
5275,3.0,3.0,0
5160,3.0,3.0,0
4334,5.0,2.0,2
5485,3.0,3.0,0
2998,3.0,3.0,0
8349,5.0,3.0,1
4964,3.0,3.0,0
3186,2.0,3.0,0
4551,1.0,4.0,1
7500,3.0,3.0,0
1542,3.0,3.0,0
2541,4.0,1.0,0
323,3.0,5.0,0
2032,3.0,3.0,0
4520,3.0,3.0,0
2816,1.0,3.0,2
6750,4.0,3.0,0
2493,2.0,4.0,0
111,2.0,1.0,0
3483,3.0,3.0,0
4843,4.0,2.0,0
1080,3.0,3.0,0
2277,1.0,3.0,0
7337,3.0,3.0,0
4900,3.0,3.0,0
5648,5.0,3.0,1
1165,5.0,3.0,0
2234,3.0,3.0,0
1451,2.0,5.0,0
8376,3.0,3.0,0
7135,3.0,3.0,0
4943,3.0,3.0,0
4324,3.0,3.0,1
7741,3.0,3.0,0
5814,3.0,3.0,0
4077,3.0,3.0,0
2486,2.0,1.0,1
6764,3.0,1.0,0
3028,3.0,3.0,0
3464,3.0,3.0,0
5367,3.0,3.0,0
1515,3.0,3.0,0
7363,3.0,3.0,0
1452,3.0,3.0,0
2021,3.0,3.0,0
4111,4.0,5.0,1
7973,3.0,3.0,0
3949,4.0,4.0,0
839,3.0,3.0,0
8399,1.0,1.0,0
3151,3.0,3.0,0
6352,1.0,1.0,0
2645,1.0,3.0,0
4232,3.0,3.0,0
8324,3.0,1.0,2
451,3.0,3.0,0
6413,3.0,3.0,0
1715,2.0,5.0,0
5339,3.0,3.0,0
8302,3.0,3.0,0
340,1.0,3.0,1
7707,3.0,3.0,0
6572,3.0,3.0,0
1420,3.0,3.0,0
35,3.0,3.0,0
6513,3.0,3.0,0
4961,3.0,3.0,0
2671,2.0,3.0,0
1411,3.0,3.0,0
5927,3.0,3.0,0
3334,3.0,3.0,0
890,2.0,1.0,1
7746,3.0,3.0,0
2442,3.0,4.0,1
6037,3.0,3.0,0
2927,3.0,3.0,0
7856,3.0,3.0,0
5362,3.0,3.0,0
433,3.0,3.0,0
3338,3.0,3.0,0
6057,5.0,4.0,1
6188,1.0,2.0,0
3066,5.0,3.0,0
6546,3.0,3.0,0
8106,3.0,3.0,0
1887,1.0,3.0,0
7019,1.0,1.0,0
1787,3.0,3.0,0
3107,3.0,3.0,0
2865,3.0,3.0,0
2182,3.0,3.0,0
3154,3.0,3.0,0
7441,1.0,2.0,2
2070,3.0,3.0,0
6694,3.0,3.0,0
4297,3.0,3.0,0
881,2.0,4.0,0
3122,4.0,3.0,0
3626,3.0,3.0,0
5289,1.0,2.0,0
3018,3.0,3.0,0
2322,1.0,4.0,2
8154,3.0,3.0,0
3909,1.0,3.0,2
1707,3.0,3.0,0
1159,3.0,3.0,0
6922,3.0,2.0,0
6991,3.0,3.0,0
5937,3.0,3.0,0
3095,3.0,3.0,0
5585,3.0,3.0,0
3863,2.0,1.0,0
5815,5.0,2.0,0
2303,3.0,3.0,0
4040,1.0,3.0,1
8264,2.0,3.0,1
1783,2.0,3.0,0
2895,3.0,3.0,0
3008,1.0,1.0,0
2496,3.0,3.0,0
905,3.0,3.0,0
8183,3.0,3.0,0
5622,3.0,2.0,2
6570,4.0,3.0,0
7580,3.0,3.0,0
2081,3.0,3.0,0
1566,3.0,3.0,0
4295,3.0,3.0,0
4596,5.0,1.0,0
3315,3.0,3.0,0
5096,3.0,3.0,0
5557,1.0,3.0,2
1114,4.0,5.0,2
3729,3.0,3.0,0
7483,3.0,3.0,0
4694,3.0,3.0,0
5029,4.0,2.0,0
255,3.0,3.0,0
5945,2.0,2.0,2
2859,3.0,3.0,0
6268,3.0,3.0,2
7532,3.0,3.0,0
5152,3.0,3.0,0
7299,3.0,3.0,0
3718,3.0,3.0,0
304,3.0,3.0,0
5313,3.0,3.0,0
5818,3.0,3.0,0
2524,3.0,3.0,0
1437,3.0,3.0,0
7660,3.0,3.0,0
5731,4.0,4.0,1
377,3.0,3.0,0
1870,3.0,3.0,0
3173,1.0,3.0,1
8236,3.0,3.0,0
8401,2.0,5.0,2
1659,3.0,3.0,0
756,2.0,3.0,0
3329,3.0,3.0,0
5670,3.0,3.0,0
291,3.0,3.0,0
7553,3.0,3.0,0
8192,3.0,3.0,0
2119,3.0,3.0,0
4422,3.0,3.0,0
5010,3.0,3.0,0
502,2.0,1.0,1
6998,5.0,2.0,1
5603,3.0,3.0,0
3296,3.0,3.0,0
1540,3.0,3.0,0
4413,2.0,1.0,2
8240,3.0,3.0,0
7437,3.0,3.0,0
673,3.0,3.0,0
5718,5.0,1.0,0
4610,3.0,3.0,0
2338,1.0,4.0,0
3622,3.0,3.0,0
4591,4.0,1.0,2
6806,3.0,3.0,0
1465,3.0,3.0,0
3298,4.0,2.0,0
6842,3.0,3.0,0
1193,3.0,3.0,0
3707,3.0,3.0,0
2265,3.0,3.0,0
422,3.0,3.0,0
506,3.0,3.0,0
5805,3.0,3.0,0
1583,4.0,5.0,0
507,3.0,3.0,0
6521,2.0,3.0,0
8164,3.0,3.0,0
4307,3.0,3.0,0
2127,3.0,3.0,0
2729,3.0,3.0,0
3015,5.0,4.0,2
2319,3.0,3.0,0
3380,4.0,5.0,2
348,3.0,3.0,0
7698,3.0,3.0,0
6259,3.0,3.0,0
7622,3.0,3.0,0
6735,3.0,3.0,0
8168,3.0,3.0,0
313,1.0,5.0,0
747,3.0,2.0,2
4554,3.0,3.0,0
2025,3.0,3.0,0
7497,3.0,3.0,0
6331,3.0,3.0,0
3543,3.0,3.0,0
6534,4.0,2.0,1
3821,3.0,3.0,0
3438,3.0,3.0,0
260,5.0,2.0,1
7559,2.0,1.0,2
7390,4.0,5.0,0
381,5.0,2.0,2
4373,3.0,3.0,0
3026,3.0,3.0,0
1913,3.0,3.0,0
4966,3.0,3.0,0
600,3.0,3.0,0
46,3.0,3.0,0
1445,3.0,3.0,0
1653,2.0,5.0,0
7050,3.0,3.0,0
1894,3.0,3.0,0
5101,3.0,3.0,0
4777,3.0,3.0,0
8270,3.0,3.0,0
7260,3.0,3.0,0
1967,3.0,3.0,0
6192,3.0,3.0,0
5120,3.0,4.0,0
6548,3.0,3.0,0
6311,4.0,3.0,2
1601,3.0,3.0,0
5355,3.0,3.0,0
3593,3.0,3.0,0
5386,3.0,3.0,0
7377,3.0,3.0,0
4957,2.0,1.0,0
2670,3.0,3.0,0
427,3.0,3.0,0
411,3.0,3.0,0
7291,3.0,3.0,0
2898,3.0,3.0,0
6431,3.0,3.0,0
3406,3.0,3.0,0
6903,3.0,3.0,0
211,3.0,3.0,0
5471,5.0,1.0,0
3693,3.0,1.0,0
5203,3.0,1.0,1
7062,3.0,3.0,0
1050,3.0,3.0,0
7284,3.0,3.0,0
7251,3.0,3.0,0
3468,3.0,3.0,0
4193,3.0,4.0,2
1973,3.0,3.0,0
2869,3.0,3.0,0
3916,3.0,3.0,0
1500,3.0,3.0,0
1110,1.0,3.0,0
2376,3.0,3.0,0
3215,3.0,3.0,0
653,3.0,3.0,0
2749,3.0,3.0,0
7404,3.0,3.0,0
1796,3.0,3.0,0
1703,2.0,1.0,2
3149,3.0,3.0,0
5004,5.0,2.0,0
3786,3.0,3.0,0
1499,2.0,5.0,0
4248,3.0,3.0,0
7201,3.0,3.0,0
2179,3.0,3.0,0
3411,3.0,3.0,0
8243,3.0,3.0,0
7039,3.0,3.0,0
2955,1.0,5.0,0
706,3.0,3.0,0
1873,3.0,3.0,0
2961,3.0,3.0,0
3027,3.0,3.0,0
4914,2.0,3.0,1
2923,3.0,3.0,0
7710,3.0,3.0,0
5318,3.0,3.0,0
2664,3.0,3.0,0
6070,3.0,3.0,0
566,3.0,3.0,0
7504,3.0,3.0,0
8386,3.0,3.0,0
2571,3.0,3.0,0
641,1.0,3.0,0
3266,3.0,3.0,0
2639,1.0,2.0,1
3502,3.0,3.0,0
5397,3.0,3.0,0
1965,3.0,3.0,0
5781,3.0,3.0,0
3358,3.0,3.0,0
326,4.0,3.0,0
7565,3.0,3.0,0
2339,2.0,1.0,0
4935,3.0,3.0,0
8295,5.0,3.0,0
5009,3.0,3.0,0
2238,3.0,3.0,0
5776,3.0,3.0,0
4103,5.0,1.0,0
4768,3.0,5.0,2
8179,3.0,3.0,0
6051,3.0,3.0,0
2834,3.0,3.0,0
865,3.0,3.0,0
4072,3.0,3.0,0
7381,3.0,3.0,0
4337,3.0,5.0,0
6364,2.0,2.0,0
7636,3.0,3.0,0
372,1.0,1.0,2
3893,3.0,3.0,0
4109,3.0,3.0,0
8049,3.0,3.0,0
6890,2.0,1.0,1
4230,4.0,3.0,0
6179,3.0,3.0,0
4887,3.0,3.0,0
8284,3.0,3.0,0
3873,2.0,2.0,0
1361,3.0,3.0,0
912,2.0,4.0,0
2843,4.0,4.0,0
4686,3.0,5.0,1
5447,5.0,3.0,1
5115,3.0,3.0,0
965,5.0,2.0,0
1424,3.0,3.0,0
123,3.0,3.0,0
480,3.0,3.0,0
663,4.0,2.0,1
6553,3.0,3.0,0
3001,5.0,3.0,2
2577,3.0,3.0,0
5688,3.0,3.0,0
7715,3.0,3.0,0
440,2.0,4.0,2
1380,3.0,3.0,0
5172,3.0,3.0,0
1444,3.0,3.0,2
5246,5.0,3.0,1
6005,3.0,3.0,0
1478,3.0,3.0,0
7349,3.0,3.0,0
1174,3.0,3.0,0
4937,3.0,3.0,0
3662,3.0,3.0,0
7375,1.0,5.0,1
3245,4.0,5.0,1
4571,3.0,3.0,0
3661,3.0,3.0,0
280,3.0,3.0,0
5757,3.0,3.0,0
6963,3.0,3.0,0
5041,3.0,3.0,1
1102,4.0,5.0,1
569,4.0,4.0,0
1695,3.0,3.0,0
2522,3.0,3.0,0
3000,5.0,3.0,0
2852,3.0,3.0,0
6852,3.0,3.0,0
4229,3.0,3.0,0
578,3.0,3.0,0
60,3.0,3.0,1
788,3.0,3.0,0
2964,3.0,3.0,0
5326,3.0,3.0,0
8336,3.0,3.0,2
4696,3.0,5.0,2
8062,3.0,3.0,2
8089,3.0,3.0,0
6679,3.0,3.0,0
7925,3.0,1.0,0
5534,3.0,3.0,0
2971,3.0,3.0,0
8004,3.0,3.0,0
6392,3.0,3.0,0
4122,3.0,3.0,0
5266,3.0,3.0,0
7396,3.0,3.0,0
185,3.0,3.0,0
5055,3.0,3.0,0
2997,3.0,3.0,0
421,3.0,3.0,0
3935,3.0,3.0,0
554,3.0,3.0,0
1398,4.0,3.0,1
7797,3.0,3.0,0
4253,3.0,3.0,0
5358,5.0,3.0,1
1761,3.0,3.0,0
4343,5.0,3.0,0
298,2.0,1.0,0
444,3.0,3.0,0
778,3.0,3.0,0
1120,3.0,3.0,0
3155,2.0,1.0,2
7297,1.0,3.0,1
1922,1.0,1.0,0
656,3.0,3.0,0
2230,4.0,3.0,1
4246,3.0,3.0,0
6038,3.0,3.0,0
3615,3.0,3.0,0
5270,3.0,3.0,0
2458,3.0,3.0,0
6765,3.0,3.0,0
6670,4.0,1.0,2
7413,2.0,2.0,0
6108,3.0,3.0,0
559,3.0,2.0,0
7338,3.0,3.0,0
1372,3.0,3.0,0
908,2.0,3.0,0
7014,1.0,3.0,0
1434,1.0,2.0,2
7503,3.0,3.0,0
7200,3.0,1.0,1
6101,3.0,3.0,0
6512,3.0,3.0,0
4375,5.0,2.0,0
927,4.0,5.0,0
3793,3.0,1.0,1
2471,1.0,2.0,2
16,3.0,3.0,0
7889,3.0,1.0,2
6538,3.0,3.0,0
2364,3.0,3.0,0
